-- phpMyAdmin SQL Dump
-- version 4.6.4
-- https://www.phpmyadmin.net/
--
-- Host: 127.0.0.1
-- Generation Time: Dec 24, 2016 at 09:37 AM
-- Server version: 5.7.14
-- PHP Version: 5.6.25

SET SQL_MODE = "NO_AUTO_VALUE_ON_ZERO";
SET time_zone = "+00:00";


/*!40101 SET @OLD_CHARACTER_SET_CLIENT=@@CHARACTER_SET_CLIENT */;
/*!40101 SET @OLD_CHARACTER_SET_RESULTS=@@CHARACTER_SET_RESULTS */;
/*!40101 SET @OLD_COLLATION_CONNECTION=@@COLLATION_CONNECTION */;
/*!40101 SET NAMES utf8mb4 */;

--
-- Database: `ags`
--

-- --------------------------------------------------------

--
-- Table structure for table `answers`
--

CREATE TABLE `answers` (
  `id` int(11) NOT NULL,
  `answer` json NOT NULL,
  `formid` int(11) NOT NULL,
  `created_at` timestamp NOT NULL,
  `updated_at` timestamp NOT NULL
) ENGINE=MyISAM DEFAULT CHARSET=latin1;

--
-- Dumping data for table `answers`
--

INSERT INTO `answers` (`id`, `answer`, `formid`, `created_at`, `updated_at`) VALUES
(1, '"{\\"14\\" : \\"Hello My name is mukek\\",\\"15\\" : \\"male\\",\\"16\\" : \\"increate\\",\\"17\\" : \\"a,b,d,e,\\",\\"18\\" : \\"sddkfhdskfkj\\"}"', 9, '2016-12-24 02:46:50', '2016-12-24 02:46:50'),
(2, '"{\\"14\\" : \\"Hello My name is mukek\\",\\"15\\" : \\"male\\",\\"16\\" : \\"increate\\",\\"17\\" : \\"a,b,d,e,\\",\\"18\\" : \\"sddkfhdskfkj\\"}"', 9, '2016-12-24 08:17:21', '2016-12-24 08:17:21'),
(3, '"{\\"14\\" : \\"Hello My name is mukek\\",\\"15\\" : \\"male\\",\\"16\\" : \\"increate\\",\\"17\\" : \\"a,b,d,e,\\",\\"18\\" : \\"sddkfhdskfkj\\"}"', 9, '2016-12-24 08:17:29', '2016-12-24 08:17:29'),
(4, '"{\\"14\\" : \\"Hello My name is mukek\\",\\"15\\" : \\"male\\",\\"16\\" : \\"increate\\",\\"17\\" : \\"a,b,d,e,\\",\\"18\\" : \\"sddkfhdskfkj\\"}"', 9, '2016-12-24 08:17:29', '2016-12-24 08:17:29'),
(5, '"{\\"14\\" : \\"Hello My name is mukek\\",\\"15\\" : \\"male\\",\\"16\\" : \\"increate\\",\\"17\\" : \\"a,b,d,e,\\",\\"18\\" : \\"sddkfhdskfkj\\"}"', 9, '2016-12-24 08:17:43', '2016-12-24 08:17:43'),
(6, '"{\\"14\\" : \\"Hello My name is mukek\\",\\"15\\" : \\"male\\",\\"16\\" : \\"increate\\",\\"17\\" : \\"a,b,d,e,\\",\\"18\\" : \\"sddkfhdskfkj\\"}"', 9, '2016-12-24 08:17:43', '2016-12-24 08:17:43'),
(7, '"{\\"14\\" : \\"Hello My name is mukek\\",\\"15\\" : \\"male\\",\\"16\\" : \\"increate\\",\\"17\\" : \\"a,b,d,e,\\",\\"18\\" : \\"sddkfhdskfkj\\"}"', 9, '2016-12-24 08:17:43', '2016-12-24 08:17:43'),
(8, '"{\\"14\\" : \\"Hello My name is mukek\\",\\"15\\" : \\"male\\",\\"16\\" : \\"increate\\",\\"17\\" : \\"a,b,d,e,\\",\\"18\\" : \\"sddkfhdskfkj\\"}"', 9, '2016-12-24 08:17:43', '2016-12-24 08:17:43'),
(9, '"{\\"14\\" : \\"Hello My name is mukek\\",\\"15\\" : \\"male\\",\\"16\\" : \\"increate\\",\\"17\\" : \\"a,b,d,e,\\",\\"18\\" : \\"sddkfhdskfkj\\"}"', 9, '2016-12-24 08:17:55', '2016-12-24 08:17:55'),
(10, '"{\\"14\\" : \\"Hello My name is mukek\\",\\"15\\" : \\"male\\",\\"16\\" : \\"increate\\",\\"17\\" : \\"a,b,d,e,\\",\\"18\\" : \\"sddkfhdskfkj\\"}"', 9, '2016-12-24 08:17:55', '2016-12-24 08:17:55'),
(11, '"{\\"14\\" : \\"Hello My name is mukek\\",\\"15\\" : \\"male\\",\\"16\\" : \\"increate\\",\\"17\\" : \\"a,b,d,e,\\",\\"18\\" : \\"sddkfhdskfkj\\"}"', 9, '2016-12-24 08:17:55', '2016-12-24 08:17:55'),
(12, '"{\\"14\\" : \\"Hello My name is mukek\\",\\"15\\" : \\"male\\",\\"16\\" : \\"increate\\",\\"17\\" : \\"a,b,d,e,\\",\\"18\\" : \\"sddkfhdskfkj\\"}"', 9, '2016-12-24 08:17:55', '2016-12-24 08:17:55'),
(13, '"{\\"14\\" : \\"Hello My name is mukek\\",\\"15\\" : \\"male\\",\\"16\\" : \\"increate\\",\\"17\\" : \\"a,b,d,e,\\",\\"18\\" : \\"sddkfhdskfkj\\"}"', 9, '2016-12-24 08:17:55', '2016-12-24 08:17:55'),
(14, '"{\\"14\\" : \\"Hello My name is mukek\\",\\"15\\" : \\"male\\",\\"16\\" : \\"increate\\",\\"17\\" : \\"a,b,d,e,\\",\\"18\\" : \\"sddkfhdskfkj\\"}"', 9, '2016-12-24 08:17:55', '2016-12-24 08:17:55'),
(15, '"{\\"14\\" : \\"Hello My name is mukek\\",\\"15\\" : \\"male\\",\\"16\\" : \\"increate\\",\\"17\\" : \\"a,b,d,e,\\",\\"18\\" : \\"sddkfhdskfkj\\"}"', 9, '2016-12-24 08:17:55', '2016-12-24 08:17:55'),
(16, '"{\\"14\\" : \\"Hello My name is mukek\\",\\"15\\" : \\"male\\",\\"16\\" : \\"increate\\",\\"17\\" : \\"a,b,d,e,\\",\\"18\\" : \\"sddkfhdskfkj\\"}"', 9, '2016-12-24 08:17:55', '2016-12-24 08:17:55'),
(17, '"{\\"14\\" : \\"hskdjfh\\",\\"15\\" : \\"female\\",\\"16\\" : \\"increate\\",\\"17\\" : \\"a,b,f,\\",\\"18\\" : \\"sdfsdf\\"}"', 9, '2016-12-24 03:29:24', '2016-12-24 03:29:24');

-- --------------------------------------------------------

--
-- Table structure for table `chqanswers`
--

CREATE TABLE `chqanswers` (
  `id` int(10) UNSIGNED NOT NULL,
  `answer` text COLLATE utf8_unicode_ci NOT NULL,
  `questionId` int(11) NOT NULL,
  `created_at` timestamp NULL DEFAULT NULL,
  `updated_at` timestamp NULL DEFAULT NULL
) ENGINE=MyISAM DEFAULT CHARSET=utf8 COLLATE=utf8_unicode_ci;

--
-- Dumping data for table `chqanswers`
--

INSERT INTO `chqanswers` (`id`, `answer`, `questionId`, `created_at`, `updated_at`) VALUES
(1, 'a', 17, '2016-12-20 07:38:55', '2016-12-20 07:38:55'),
(2, 'b', 17, '2016-12-20 07:38:55', '2016-12-20 07:38:55'),
(3, 'd', 17, '2016-12-20 07:38:55', '2016-12-20 07:38:55'),
(4, 'e', 17, '2016-12-20 07:38:55', '2016-12-20 07:38:55'),
(5, 'f', 17, '2016-12-20 07:38:55', '2016-12-20 07:38:55'),
(6, 'a', 17, '2016-12-20 07:40:16', '2016-12-20 07:40:16'),
(7, 'b', 17, '2016-12-20 07:40:16', '2016-12-20 07:40:16'),
(8, 'a', 17, '2016-12-24 02:32:42', '2016-12-24 02:32:42'),
(9, 'e', 17, '2016-12-24 02:32:42', '2016-12-24 02:32:42'),
(10, 'f', 17, '2016-12-24 02:32:42', '2016-12-24 02:32:42'),
(11, 'a', 17, '2016-12-24 02:39:34', '2016-12-24 02:39:35'),
(12, 'd', 17, '2016-12-24 02:39:34', '2016-12-24 02:39:35'),
(13, 'e', 17, '2016-12-24 02:39:34', '2016-12-24 02:39:35'),
(14, 'a', 17, '2016-12-24 03:29:24', '2016-12-24 03:29:24'),
(15, 'b', 17, '2016-12-24 03:29:24', '2016-12-24 03:29:24'),
(16, 'f', 17, '2016-12-24 03:29:24', '2016-12-24 03:29:24');

-- --------------------------------------------------------

--
-- Table structure for table `forms`
--

CREATE TABLE `forms` (
  `id` int(10) UNSIGNED NOT NULL,
  `name` varchar(50) COLLATE utf8_unicode_ci NOT NULL,
  `created_at` timestamp NULL DEFAULT NULL,
  `updated_at` timestamp NULL DEFAULT NULL
) ENGINE=MyISAM DEFAULT CHARSET=utf8 COLLATE=utf8_unicode_ci;

--
-- Dumping data for table `forms`
--

INSERT INTO `forms` (`id`, `name`, `created_at`, `updated_at`) VALUES
(5, 'Hello My name is Mukesh Bansal', '2016-12-17 00:25:14', '2016-12-17 00:25:14'),
(7, 'Zybra hello', '2016-12-17 04:52:57', '2016-12-17 04:52:57'),
(10, 'Random', '2016-12-20 07:39:41', '2016-12-20 07:39:41'),
(6, 'Questionaire', '2016-12-17 00:27:40', '2016-12-17 00:27:40'),
(8, 'Form 1', '2016-12-17 05:28:29', '2016-12-17 05:28:29'),
(9, 'DEEPPATEL', '2016-12-17 06:18:27', '2016-12-17 06:18:27'),
(11, 'Register & Showcase your journey on AllStartups.In', '2016-12-24 03:37:20', '2016-12-24 03:37:20');

-- --------------------------------------------------------

--
-- Table structure for table `lqanswers`
--

CREATE TABLE `lqanswers` (
  `id` int(10) UNSIGNED NOT NULL,
  `answer` text COLLATE utf8_unicode_ci NOT NULL,
  `questionId` int(11) NOT NULL,
  `created_at` timestamp NULL DEFAULT NULL,
  `updated_at` timestamp NULL DEFAULT NULL
) ENGINE=MyISAM DEFAULT CHARSET=utf8 COLLATE=utf8_unicode_ci;

--
-- Dumping data for table `lqanswers`
--

INSERT INTO `lqanswers` (`id`, `answer`, `questionId`, `created_at`, `updated_at`) VALUES
(1, 'Hello my name is Mukesh Bansal', 18, '2016-12-20 07:38:55', '2016-12-20 07:38:55'),
(2, 'hksdkfhksd', 18, '2016-12-20 07:40:16', '2016-12-20 07:40:16'),
(3, 'Hello My name is myjesksadfjsdf ndjff hjhgfd hsdkfsh fhjskdf ', 18, '2016-12-24 02:32:42', '2016-12-24 02:32:42'),
(4, 'sddfkjdsgfksdhfksjdlkf\r\ndfgdskfjg\r\nsgdsfg', 18, '2016-12-24 02:39:34', '2016-12-24 02:39:35'),
(5, 'sdfsdf', 18, '2016-12-24 03:29:24', '2016-12-24 03:29:24');

-- --------------------------------------------------------

--
-- Table structure for table `migrations`
--

CREATE TABLE `migrations` (
  `id` int(10) UNSIGNED NOT NULL,
  `migration` varchar(255) COLLATE utf8_unicode_ci NOT NULL,
  `batch` int(11) NOT NULL
) ENGINE=MyISAM DEFAULT CHARSET=utf8 COLLATE=utf8_unicode_ci;

--
-- Dumping data for table `migrations`
--

INSERT INTO `migrations` (`id`, `migration`, `batch`) VALUES
(1, '2016_12_15_105444_create_forms_table', 1),
(2, '2016_12_15_105504_create_questions_table', 1),
(3, '2016_12_15_105518_create_options_table', 1),
(4, '2016_12_15_105536_create_questionTypes_table', 1),
(5, '2016_12_15_105607_create_SQAnswers_table', 1),
(6, '2016_12_15_105618_create_LQAnswers_table', 1),
(7, '2016_12_15_105635_create_SeQAnswers_table', 1),
(8, '2016_12_15_105646_create_ChQAnswers_table', 1),
(9, '2016_12_15_105700_create_RaQAnswers_table', 1);

-- --------------------------------------------------------

--
-- Table structure for table `options`
--

CREATE TABLE `options` (
  `id` int(10) UNSIGNED NOT NULL,
  `option` varchar(50) COLLATE utf8_unicode_ci NOT NULL,
  `questionId` int(11) NOT NULL,
  `created_at` timestamp NULL DEFAULT NULL,
  `updated_at` timestamp NULL DEFAULT NULL
) ENGINE=MyISAM DEFAULT CHARSET=utf8 COLLATE=utf8_unicode_ci;

--
-- Dumping data for table `options`
--

INSERT INTO `options` (`id`, `option`, `questionId`, `created_at`, `updated_at`) VALUES
(21, '3', 12, '2016-12-17 05:28:57', '2016-12-17 05:28:57'),
(20, '18-20', 11, '2016-12-17 04:54:06', '2016-12-17 04:54:06'),
(19, '>20', 11, '2016-12-17 04:53:58', '2016-12-17 04:53:58'),
(18, '<18', 11, '2016-12-17 04:53:51', '2016-12-17 04:53:51'),
(24, '56', 12, '2016-12-17 05:29:23', '2016-12-17 05:29:23'),
(23, '64', 12, '2016-12-17 05:29:15', '2016-12-17 05:29:15'),
(25, '545', 12, '2016-12-17 05:29:31', '2016-12-17 05:29:31'),
(26, 'Hello', 12, '2016-12-17 05:29:42', '2016-12-17 05:29:42'),
(27, 'male', 15, '2016-12-17 06:19:16', '2016-12-17 06:19:16'),
(28, 'female', 15, '2016-12-17 06:19:22', '2016-12-17 06:19:22'),
(29, 'VS', 16, '2016-12-17 06:19:48', '2016-12-17 06:19:48'),
(30, 'increate', 16, '2016-12-17 06:19:56', '2016-12-17 06:19:56'),
(31, 'a', 17, '2016-12-17 06:20:47', '2016-12-17 06:20:47'),
(32, 'b', 17, '2016-12-17 06:20:53', '2016-12-17 06:20:53'),
(37, 'Idea/Concept', 27, '2016-12-24 03:39:15', '2016-12-24 03:39:15'),
(34, 'd', 17, '2016-12-17 06:21:05', '2016-12-17 06:21:05'),
(35, 'e', 17, '2016-12-17 06:21:12', '2016-12-17 06:21:12'),
(36, 'f', 17, '2016-12-17 06:21:18', '2016-12-17 06:21:18'),
(38, 'Prototyping Stage', 27, '2016-12-24 03:39:27', '2016-12-24 03:39:27'),
(39, 'Raised Angel Funding', 27, '2016-12-24 03:39:31', '2016-12-24 03:39:31'),
(40, 'Growth Stage', 27, '2016-12-24 03:39:38', '2016-12-24 03:39:38'),
(41, 'Raised Series A', 27, '2016-12-24 03:39:45', '2016-12-24 03:39:45'),
(42, 'Ahmedabad', 29, '2016-12-24 03:40:57', '2016-12-24 03:40:57'),
(43, 'Mumbai', 29, '2016-12-24 03:41:06', '2016-12-24 03:41:06'),
(44, 'Pune', 29, '2016-12-24 03:41:17', '2016-12-24 03:41:17'),
(45, 'Indore', 29, '2016-12-24 03:41:26', '2016-12-24 03:41:26'),
(46, 'Delhi-NCR', 29, '2016-12-24 03:41:36', '2016-12-24 03:41:36'),
(47, 'Kolkata', 29, '2016-12-24 03:41:44', '2016-12-24 03:41:44'),
(48, 'Jaipur', 29, '2016-12-24 03:41:50', '2016-12-24 03:41:50'),
(49, 'Hyderabad', 29, '2016-12-24 03:42:03', '2016-12-24 03:42:03'),
(50, 'Chennai', 29, '2016-12-24 03:42:12', '2016-12-24 03:42:12'),
(51, 'Kerala', 29, '2016-12-24 03:42:19', '2016-12-24 03:42:19'),
(52, 'Goa', 29, '2016-12-24 03:42:27', '2016-12-24 03:42:27'),
(53, 'Bengaluru', 29, '2016-12-24 03:42:41', '2016-12-24 03:42:41'),
(54, 'Surat', 29, '2016-12-24 03:42:47', '2016-12-24 03:42:47'),
(55, 'Rajkot', 29, '2016-12-24 03:42:54', '2016-12-24 03:42:54'),
(56, 'Other', 29, '2016-12-24 03:42:59', '2016-12-24 03:42:59');

-- --------------------------------------------------------

--
-- Table structure for table `questions`
--

CREATE TABLE `questions` (
  `id` int(10) UNSIGNED NOT NULL,
  `question` varchar(100) COLLATE utf8_unicode_ci NOT NULL,
  `formsId` int(11) NOT NULL,
  `questionType` int(11) NOT NULL,
  `created_at` timestamp NULL DEFAULT NULL,
  `updated_at` timestamp NULL DEFAULT NULL
) ENGINE=MyISAM DEFAULT CHARSET=utf8 COLLATE=utf8_unicode_ci;

--
-- Dumping data for table `questions`
--

INSERT INTO `questions` (`id`, `question`, `formsId`, `questionType`, `created_at`, `updated_at`) VALUES
(1, 'What is your Name?', 5, 1, '2016-12-17 01:33:56', '2016-12-17 01:33:56'),
(2, 'Tell Us about Yourself', 5, 2, '2016-12-17 01:34:11', '2016-12-17 01:34:11'),
(7, 'Simple Questionaire to fill up', 6, 1, '2016-12-17 04:20:31', '2016-12-17 04:20:31'),
(9, 'What is your Name', 7, 1, '2016-12-17 04:53:13', '2016-12-17 04:53:13'),
(10, 'Which Services Are you interested in?', 7, 2, '2016-12-17 04:53:25', '2016-12-17 04:53:25'),
(11, 'Choose your age from below', 7, 3, '2016-12-17 04:53:42', '2016-12-17 04:53:42'),
(12, 'kjbkcjbkhbkbcekjvbkvw', 8, 4, '2016-12-17 05:28:50', '2016-12-17 05:28:50'),
(13, 'gytftfgjhnjk', 8, 1, '2016-12-17 05:29:49', '2016-12-17 05:29:49'),
(14, 'Name?', 9, 1, '2016-12-17 06:18:42', '2016-12-17 06:18:42'),
(15, 'Gender', 9, 5, '2016-12-17 06:19:01', '2016-12-17 06:19:01'),
(16, 'Incubator', 9, 3, '2016-12-17 06:19:41', '2016-12-17 06:19:41'),
(17, 'gog?', 9, 4, '2016-12-17 06:20:36', '2016-12-17 06:20:36'),
(18, 'wertyuio', 9, 2, '2016-12-17 06:21:34', '2016-12-17 06:21:34'),
(19, 'sjdkf,', 10, 2, '2016-12-20 07:39:48', '2016-12-20 07:39:48'),
(22, 'Startup/Company Name *', 11, 1, '2016-12-24 03:38:17', '2016-12-24 03:38:17'),
(23, 'Your Name', 11, 1, '2016-12-24 03:38:22', '2016-12-24 03:38:22'),
(24, 'Email ', 11, 1, '2016-12-24 03:38:30', '2016-12-24 03:38:30'),
(25, 'Contact No', 11, 1, '2016-12-24 03:38:40', '2016-12-24 03:38:40'),
(27, 'Startup Stage', 11, 5, '2016-12-24 03:38:59', '2016-12-24 03:38:59'),
(28, 'Team Size', 11, 1, '2016-12-24 03:40:20', '2016-12-24 03:40:20'),
(29, 'City', 11, 3, '2016-12-24 03:40:47', '2016-12-24 03:40:47'),
(30, 'What challenge are you facing in your startup? How can we help?', 11, 2, '2016-12-24 03:43:19', '2016-12-24 03:43:19');

-- --------------------------------------------------------

--
-- Table structure for table `questiontypes`
--

CREATE TABLE `questiontypes` (
  `id` int(10) UNSIGNED NOT NULL,
  `questionType` varchar(20) COLLATE utf8_unicode_ci NOT NULL,
  `created_at` timestamp NULL DEFAULT NULL,
  `updated_at` timestamp NULL DEFAULT NULL
) ENGINE=MyISAM DEFAULT CHARSET=utf8 COLLATE=utf8_unicode_ci;

--
-- Dumping data for table `questiontypes`
--

INSERT INTO `questiontypes` (`id`, `questionType`, `created_at`, `updated_at`) VALUES
(1, 'Short Question', NULL, NULL),
(2, 'Long Question', NULL, NULL),
(3, 'Selection Dropdown', NULL, NULL),
(4, 'Checkbox', NULL, NULL),
(5, 'Radio', NULL, NULL);

-- --------------------------------------------------------

--
-- Table structure for table `raqanswers`
--

CREATE TABLE `raqanswers` (
  `id` int(10) UNSIGNED NOT NULL,
  `answer` text COLLATE utf8_unicode_ci NOT NULL,
  `questionId` int(11) NOT NULL,
  `created_at` timestamp NULL DEFAULT NULL,
  `updated_at` timestamp NULL DEFAULT NULL
) ENGINE=MyISAM DEFAULT CHARSET=utf8 COLLATE=utf8_unicode_ci;

--
-- Dumping data for table `raqanswers`
--

INSERT INTO `raqanswers` (`id`, `answer`, `questionId`, `created_at`, `updated_at`) VALUES
(1, 'male', 15, '2016-12-20 07:38:18', '2016-12-20 07:38:18'),
(2, 'male', 15, '2016-12-20 07:38:32', '2016-12-20 07:38:32'),
(3, 'male', 15, '2016-12-20 07:38:55', '2016-12-20 07:38:55'),
(4, 'male', 15, '2016-12-20 07:40:16', '2016-12-20 07:40:16'),
(5, 'female', 15, '2016-12-24 02:32:42', '2016-12-24 02:32:42'),
(6, 'female', 15, '2016-12-24 02:39:34', '2016-12-24 02:39:34'),
(7, 'female', 15, '2016-12-24 03:29:24', '2016-12-24 03:29:24');

-- --------------------------------------------------------

--
-- Table structure for table `seqanswers`
--

CREATE TABLE `seqanswers` (
  `id` int(10) UNSIGNED NOT NULL,
  `answer` text COLLATE utf8_unicode_ci NOT NULL,
  `questionId` int(11) NOT NULL,
  `created_at` timestamp NULL DEFAULT NULL,
  `updated_at` timestamp NULL DEFAULT NULL
) ENGINE=MyISAM DEFAULT CHARSET=utf8 COLLATE=utf8_unicode_ci;

--
-- Dumping data for table `seqanswers`
--

INSERT INTO `seqanswers` (`id`, `answer`, `questionId`, `created_at`, `updated_at`) VALUES
(1, 'VS', 16, '2016-12-20 07:38:18', '2016-12-20 07:38:18'),
(2, 'VS', 16, '2016-12-20 07:38:32', '2016-12-20 07:38:32'),
(3, 'VS', 16, '2016-12-20 07:38:55', '2016-12-20 07:38:55'),
(4, 'VS', 16, '2016-12-20 07:40:16', '2016-12-20 07:40:16'),
(5, 'increate', 16, '2016-12-24 02:32:42', '2016-12-24 02:32:42'),
(6, 'increate', 16, '2016-12-24 02:39:34', '2016-12-24 02:39:35'),
(7, 'increate', 16, '2016-12-24 03:29:24', '2016-12-24 03:29:24');

-- --------------------------------------------------------

--
-- Table structure for table `sqanswers`
--

CREATE TABLE `sqanswers` (
  `id` int(10) UNSIGNED NOT NULL,
  `answer` varchar(200) COLLATE utf8_unicode_ci NOT NULL,
  `questionId` int(11) NOT NULL,
  `created_at` timestamp NULL DEFAULT NULL,
  `updated_at` timestamp NULL DEFAULT NULL
) ENGINE=MyISAM DEFAULT CHARSET=utf8 COLLATE=utf8_unicode_ci;

--
-- Dumping data for table `sqanswers`
--

INSERT INTO `sqanswers` (`id`, `answer`, `questionId`, `created_at`, `updated_at`) VALUES
(1, 'Mukesh Bansal', 14, '2016-12-20 07:38:18', '2016-12-20 07:38:18'),
(2, 'Mukesh Bansal', 14, '2016-12-20 07:38:32', '2016-12-20 07:38:32'),
(3, 'Mukesh Bansal', 14, '2016-12-20 07:38:55', '2016-12-20 07:38:55'),
(4, 'MUked', 14, '2016-12-20 07:40:16', '2016-12-20 07:40:16'),
(5, 'kdsfgdsfj', 14, '2016-12-24 02:32:42', '2016-12-24 02:32:42'),
(6, 'sdhfkh', 14, '2016-12-24 02:39:34', '2016-12-24 02:39:34'),
(7, 'hskdjfh', 14, '2016-12-24 03:28:56', '2016-12-24 03:28:56'),
(8, 'hskdjfh', 14, '2016-12-24 03:29:24', '2016-12-24 03:29:24');

--
-- Indexes for dumped tables
--

--
-- Indexes for table `answers`
--
ALTER TABLE `answers`
  ADD PRIMARY KEY (`id`);

--
-- Indexes for table `chqanswers`
--
ALTER TABLE `chqanswers`
  ADD PRIMARY KEY (`id`),
  ADD KEY `chqanswers_questionid_foreign` (`questionId`);

--
-- Indexes for table `forms`
--
ALTER TABLE `forms`
  ADD PRIMARY KEY (`id`);

--
-- Indexes for table `lqanswers`
--
ALTER TABLE `lqanswers`
  ADD PRIMARY KEY (`id`),
  ADD KEY `lqanswers_questionid_foreign` (`questionId`);

--
-- Indexes for table `migrations`
--
ALTER TABLE `migrations`
  ADD PRIMARY KEY (`id`);

--
-- Indexes for table `options`
--
ALTER TABLE `options`
  ADD PRIMARY KEY (`id`),
  ADD KEY `options_questionid_foreign` (`questionId`);

--
-- Indexes for table `questions`
--
ALTER TABLE `questions`
  ADD PRIMARY KEY (`id`),
  ADD KEY `questions_formsid_foreign` (`formsId`),
  ADD KEY `questions_questiontype_foreign` (`questionType`);

--
-- Indexes for table `questiontypes`
--
ALTER TABLE `questiontypes`
  ADD PRIMARY KEY (`id`);

--
-- Indexes for table `raqanswers`
--
ALTER TABLE `raqanswers`
  ADD PRIMARY KEY (`id`),
  ADD KEY `raqanswers_questionid_foreign` (`questionId`);

--
-- Indexes for table `seqanswers`
--
ALTER TABLE `seqanswers`
  ADD PRIMARY KEY (`id`),
  ADD KEY `seqanswers_questionid_foreign` (`questionId`);

--
-- Indexes for table `sqanswers`
--
ALTER TABLE `sqanswers`
  ADD PRIMARY KEY (`id`),
  ADD KEY `sqanswers_questionid_foreign` (`questionId`);

--
-- AUTO_INCREMENT for dumped tables
--

--
-- AUTO_INCREMENT for table `answers`
--
ALTER TABLE `answers`
  MODIFY `id` int(11) NOT NULL AUTO_INCREMENT, AUTO_INCREMENT=18;
--
-- AUTO_INCREMENT for table `chqanswers`
--
ALTER TABLE `chqanswers`
  MODIFY `id` int(10) UNSIGNED NOT NULL AUTO_INCREMENT, AUTO_INCREMENT=17;
--
-- AUTO_INCREMENT for table `forms`
--
ALTER TABLE `forms`
  MODIFY `id` int(10) UNSIGNED NOT NULL AUTO_INCREMENT, AUTO_INCREMENT=12;
--
-- AUTO_INCREMENT for table `lqanswers`
--
ALTER TABLE `lqanswers`
  MODIFY `id` int(10) UNSIGNED NOT NULL AUTO_INCREMENT, AUTO_INCREMENT=6;
--
-- AUTO_INCREMENT for table `migrations`
--
ALTER TABLE `migrations`
  MODIFY `id` int(10) UNSIGNED NOT NULL AUTO_INCREMENT, AUTO_INCREMENT=10;
--
-- AUTO_INCREMENT for table `options`
--
ALTER TABLE `options`
  MODIFY `id` int(10) UNSIGNED NOT NULL AUTO_INCREMENT, AUTO_INCREMENT=57;
--
-- AUTO_INCREMENT for table `questions`
--
ALTER TABLE `questions`
  MODIFY `id` int(10) UNSIGNED NOT NULL AUTO_INCREMENT, AUTO_INCREMENT=31;
--
-- AUTO_INCREMENT for table `questiontypes`
--
ALTER TABLE `questiontypes`
  MODIFY `id` int(10) UNSIGNED NOT NULL AUTO_INCREMENT, AUTO_INCREMENT=6;
--
-- AUTO_INCREMENT for table `raqanswers`
--
ALTER TABLE `raqanswers`
  MODIFY `id` int(10) UNSIGNED NOT NULL AUTO_INCREMENT, AUTO_INCREMENT=8;
--
-- AUTO_INCREMENT for table `seqanswers`
--
ALTER TABLE `seqanswers`
  MODIFY `id` int(10) UNSIGNED NOT NULL AUTO_INCREMENT, AUTO_INCREMENT=8;
--
-- AUTO_INCREMENT for table `sqanswers`
--
ALTER TABLE `sqanswers`
  MODIFY `id` int(10) UNSIGNED NOT NULL AUTO_INCREMENT, AUTO_INCREMENT=9;
/*!40101 SET CHARACTER_SET_CLIENT=@OLD_CHARACTER_SET_CLIENT */;
/*!40101 SET CHARACTER_SET_RESULTS=@OLD_CHARACTER_SET_RESULTS */;
/*!40101 SET COLLATION_CONNECTION=@OLD_COLLATION_CONNECTION */;
